key,title,期間増加PV,期間増加スキ,稼働日数,推移PV,集計日
n2765f1fb8d6e,苦手だったWordが、今いちばん使いたいアプリになった話｜Copilot in Wordが変えた世界｜業務効率化,133,24,6,66→25→11→6→13→4→8,2026-09-28
n58f139d7c0db,【初心者向け】Microsoft Listsとは？SharePointとの違いを最短で理解する,96,0,6,4→4→8→33→30→9→8,2026-09-28
nd4b452ac0cf6,【画像生成AI入門】#17「バストアップ」キャラの魅力がグッと映える！,91,0,6,14→14→18→7→13→15→10,2026-09-28
n83185b47dcae,「毎朝の予定通知、Copilotに任せてみた」〜スケジュール機能の使い方〜,75,0,6,6→8→9→31→16→2→3,2026-09-28
n573aa06058a6,【初心者向け】OneNote×Copilotで仕事効率爆上がり！情報整理が“あとから強くなる”理由とは？,63,0,6,6→8→13→10→11→6→9,2026-09-28
n711d6cc18171,まさかのCopilot（Opus）の制限オーバー！？,62,0,6,4→4→7→23→15→5→4,2026-09-28
n1adb50dd9262,【Windows11】ペイントの使い方｜初心者が今すぐ使える基本から便利技まで【新年度応援キャンペーン 第2弾】4回目,36,0,6,4→11→2→7→4→5→3,2026-09-28
ncbfc39fa5245,インプレッションとページビュー、どう見てる？Copilotと決めた4つの軸,31,4,6,9→8→3→2→3→4→2,2026-09-28
nad8a0de60116,Copilotで評価が変わったOfficeアプリランキング🏆 （デジさしみ調べ）,24,2,6,1→3→4→5→7→2→2,2026-09-28
n8b0bd9cf1fc9,【Windows11】Edge（エッジ）の使い方｜初心者が今すぐ使える基本から便利技まで【新年度応援キャンペーン 第2弾】5回目,20,0,6,2→1→5→3→3→3→3,2026-09-28
nec73a7f12645,【AIシオンの画像生成入門】#132 「夕焼け」 時間帯指定との違いを知って表現力アップ（Microsoft365 Copilot の画像生成AIを利用したAIイラストプロンプト解説）,13,0,6,2→3→1→2→2→2→1,2026-09-28
nb01cd396321c,【自動化】「簡単」なのに「難しい」？Power Automateで陥る落とし穴とは,8,0,6,0→1→2→1→1→2→1,2026-09-28
ncb03766f1808,【画像生成AI入門】#11「広角・ローアングル」ってどんな世界？視点を変えるだけで劇的変化！,7,0,6,1→1→1→1→1→1→1,2026-09-28
n257575842e23,私がPagesを使うようになった理由【Copilot Pages つぶやき解説 H-1】,49,0,5,9→3→7→0→6→13→11,2026-09-28
n8c0c226f45a1,アカリウム深層 新種発見｜ヒンダレモチ,43,2,5,13→10→4→4→11→0→1,2026-09-28
nf9a4d90da5aa,【デジさしみSharePoint攻略】Teamsで保存したファイルはどこ❓｜SharePointサイトが増える理由と保存先の仕組み✅ IT初心者向けMicrosoft365業務効率化,27,0,5,0→0→1→6→16→2→2,2026-09-28
n126a0845bdbb,Windows 11標準でGIF作れた！Snipping Tool録画→GIF化のやり方,16,0,5,1→4→2→3→5→0→1,2026-09-28
n47b4bbaef3a8,アカリウム深層 新種発見｜シオネリウム・ルメンス,16,2,5,1→2→4→6→2→1→0,2026-09-28
nb1e2265ad790,【Windows11】メモ帳の使い方｜初心者が今すぐ使える基本から便利技まで【新年度応援キャンペーン 第2弾】3回目,16,0,5,2→0→7→3→2→1→1,2026-09-28
necc5d2675ea1,Copilotといろいろ相談（何回目だろう？）,10,1,5,1→3→1→3→1→0→1,2026-09-28
ne88a1bc97f40,【AIシオンの画像生成入門】#126 「逆さ構図」 空に落ちる！？ダイナミックな非日常アート！ （Microsoft365 Copilot の画像生成AIを利用したAIイラスト）,7,0,5,2→1→1→0→1→1→1,2026-09-28
nc0ee919361b5,Copilotのチャットがピン留めできるようになっていた話,16,0,4,1→0→1→9→4→0→1,2026-09-28
n3086e85cf3da,Copilot Coworkの月額はいくらが現実か｜単純試算では見えない3つのコスト,14,0,4,0→1→0→9→2→2→0,2026-09-28
ncee34da719fc,【AI シオンの画像生成入門】#103 「夜の路地」初心者でも簡単！奥行きと光で魅せる背景プロンプト🎨 ｜毎日投稿 毎日note 画像比較・解説 Copilot GPTImage1.5 / Gemini NanoBananaPro プロンプト付き,13,0,4,1→3→0→2→1→6→0,2026-09-28
n3c24559a9d04,雨をテーマのAIイラスト【デジさしみの朝活】,11,1,4,2→2→1→5→0→1→0,2026-09-28
naccf602db509,インプレッションTOP5を分析してみた。数字だけでは見えなかったこと,10,0,4,1→2→0→3→1→3→0,2026-09-28
n4de9e18d3ff3,SharePointのハイパーリンク列に「表示名」を付ける3つの方法【Power Automate対応】,9,0,4,0→1→0→2→5→0→1,2026-09-28
n5cf658100dcf,Copilot ChatにGPT-Image-2が来た！日本語が崩れない画像生成の衝撃 🎨,9,0,4,1→2→0→3→2→0→1,2026-09-28
n0b2aaea6512c,スキだけでは見えない。note新ダッシュボードから見えた記事の価値,8,1,4,1→2→0→1→0→3→1,2026-09-28
n28278e6ca0fa,"Copilotエージェントで""相棒""を作った話 ― めんどくさがりで少し毒舌なノアと暮らす",7,0,4,0→4→1→0→0→1→1,2026-09-28
n6f4733e55fbe,【画像生成AI入門】#19 「クローズアップ」って何？感情を伝える画像を作ろう,7,0,4,1→1→1→0→2→0→2,2026-09-28
n8e7f55b4d332,【画像生成AI入門】#78「ネオン看板」夜の街を一瞬でエモく変える光のマジック,7,0,4,0→0→0→2→1→3→1,2026-09-28
ne1e7ef60ebdf,【AI シオンの画像生成入門】#94 「煙」奥行きと空気感を出すプロンプト解説🎨 ,7,0,4,0→2→3→0→1→0→1,2026-09-28
n799d8680584b,【画像生成AI入門】#74 「リュック」 背中に足すだけで印象アップ,6,0,4,2→1→1→1→0→0→1,2026-09-28
n80645c86600f,【画像生成AI入門】#59 「ユーモラス」 キャラの魅力を引き出すユーモア表現の使い方,6,0,4,1→0→1→0→1→1→2,2026-09-28
ne632b5b3aa10,ネタに困ってCopilotに聞いたら、Work IQの進化がすごすぎて記事になった話,6,0,4,2→0→1→1→1→0→1,2026-09-28
n002181061da5,【画像生成AI入門】#33 「ヴィネット追加」で主題が際立つ！画像の印象を一気に深めるテクニック,5,0,4,0→1→1→2→0→0→1,2026-09-28
n6d46f23f24ef,【AIシオンの画像生成入門】#124 「フロントビュー」 正面構図でキャラの魅力アップ✨ （Microsoft365 Copilot の画像生成AIを利用したAIイラスト）,4,0,4,0→1→0→1→0→1→1,2026-09-28
n1ab49e4662c1,【Windows11】スニッピングツールの使い方｜初心者が今すぐ使える基本から便利技まで【新年度応援キャンペーン 第2弾】2回目,15,0,3,2→0→0→5→0→1→7,2026-09-28
n5de47a30231f,【画像生成AI入門】#80「魔法陣」背景が寂しい…を救ってくれた魔法の一語,8,0,3,3→2→1→0→0→2→0,2026-09-28
n94037b278329,【AIシオンの画像生成入門】#122 「フレームアウト」 はみ出すだけで躍動感が段違い！ （Microsoft365 Copilot の画像生成AIを利用したAIイラスト）,8,0,3,3→0→1→3→1→0→0,2026-09-28
n9042f86fda54,【画像生成AI入門】#65 「ローブ」魔法みたいに世界観が深まる服装ワード,7,0,3,0→4→2→0→1→0→0,2026-09-28
n9feb7c58fb6f,Planner Agentで学習計画を作ってみた！Microsoft 365のタスク管理がもっと手軽に,7,1,3,0→3→0→0→3→1→0,2026-09-28
n012f9927f3b7,【画像生成AI入門】#20 「オーバーショルダー」背中越しの視点が生む没入感とは？,6,0,3,1→0→0→1→0→2→2,2026-09-28
n0b563efe1089,🍚 デジさしみ食堂 お品書き 🥢,6,11,3,0→0→1→0→2→3→0,2026-09-28
n0dd5336a2dd6,【デジさしみSharePoint 攻略】最初に知りたい「4つの役割」✅ | Microsoft365 初心者が最初に知るべき全体像,6,0,3,0→0→0→1→2→0→3,2026-09-28
n1be2f0dfc00a,【画像生成AI入門】#55 「荘厳」静けさと力強さを両立するプロンプト解説,6,0,3,0→0→1→0→0→3→2,2026-09-28
n314468b0a41a,【AIシオンの画像生成入門】#133 光を際立たせる「暗闇（Dark lighting）」の魔法！,6,0,3,3→1→0→1→0→0→1,2026-09-28
n98cbca56f702,【AIシオンの画像生成入門】#106 「森林」光のプロンプトで激変！幻想的な森の作り方 Copilot GPTImage1.5 / Gemini NanoBananaPro 画像比較・解説,6,0,3,2→0→1→1→0→2→0,2026-09-28
n2441c2ecdd84,おさんぽと公園とキャリーバッグ,5,0,3,1→2→1→1→0→0→0,2026-09-28
n6f8af975fd10,GPT-Image-2がMicrosoft 365に登場！でもPowerPointのみ？｜画像生成とハマりポイント解説,5,0,3,0→1→0→3→1→0→0,2026-09-28
n719abb57ac52,【AIシオンの画像生成入門】#127 「連続写真風」 ストーリー性がマシマシ！動きの過程を視覚化する （Microsoft365 Copilot の画像生成AIを利用したAIイラスト）,5,0,3,1→1→0→0→0→1→2,2026-09-28
n948cdc8d919c,【AIシオンの画像生成入門】#140「シネマティック照明」で映画のワンシーンを作ろう！,5,0,3,1→0→2→0→1→0→1,2026-09-28
n009f03b3bcb4,【速報】Copilot Cowork 正式リリース｜同時に従量課金が導入された件,4,0,3,0→0→0→1→0→1→2,2026-09-28
n0563ddeeb244,デジさしみのAI×効率化ラボを始めます🧪,4,0,3,0→0→0→1→1→2→0,2026-09-28
n1ca3a2cbc410,新ダッシュボードで遊ぶ！「あなたのレアな流入元はどこですか！？」,4,1,3,1→1→1→1→0→0→0,2026-09-28
n7a3eec5a2fa0,【2025年8月版】3大AI「ディープリサーチ」徹底比較：あなたに最適なのはどれ？,4,0,3,1→1→0→0→1→1→0,2026-09-28
n94d926a94f2b,水族館に行こう！（２）【デジさしみの朝活】｜画像生成｜スキしてみて,4,0,3,0→0→0→2→0→1→1,2026-09-28
n9d38a6e586ab,【画像生成AI入門】#68 「ドレス」 可憐にもゴージャスにも変化する万能ワード,4,0,3,1→0→1→1→0→0→1,2026-09-28
nb20539dec18e,【AIシオンの画像生成入門】#139「ドラマティック照明」で平凡な夜の風景を劇的なワンシーンに変える魔法！,4,0,3,1→0→0→1→1→1→0,2026-09-28
n79cae69d45cd,【ご報告】資格試験 PL-900 受験 ＆ 合格してきました,3,0,3,0→0→1→0→1→1→0,2026-09-28
nec48aafc3f0b,【事業主必見】コーディング知識ゼロで、自分だけのWebサイトをサクッと作る方法【Readdy AIを触ってみた】【PR】,3,0,3,0→1→0→1→0→1→0,2026-09-28
