日付,時刻,フォロワー数
2026/03/07,22:32:48,412
2026/03/08,12:35:39,413
2026/03/09,12:39:35,415
2026/03/10,12:31:34,419
2026/03/11,12:31:25,420
2026/03/12,12:37:27,418
2026/03/14,12:32:06,419
2026/03/14,23:34:41,422
2026/03/16,13:00:01,428
2026/03/17,12:39:46,429
2026/03/18,12:46:05,433
2026/03/19,12:45:51,435
2026/03/20,12:35:58,434
2026/03/21,12:27:26,440
2026/03/22,04:46:41,441
2026/03/23,06:17:42,443
2026/03/24,06:26:47,444
2026/03/26,06:30:20,446
2026/03/27,06:23:07,452
2026/03/28,06:25:56,454
2026/03/29,06:20:53,453
2026/03/30,06:22:25,455
2026/04/01,06:28:53,453
2026/04/02,06:34:01,454
2026/04/03,06:27:17,453
2026/04/04,06:24:22,455
2026/04/05,06:22:25,458
2026/04/07,06:29:36,462
2026/04/08,06:35:33,463
2026/04/09,06:35:17,468
2026/04/10,06:38:35,472
2026/04/11,06:27:26,476
2026/04/12,06:23:36,478
2026/04/13,06:24:47,481
2026/04/14,06:39:35,483
2026/04/15,06:42:05,487
2026/04/16,06:43:09,493
2026/04/17,06:35:16,496
2026/04/18,06:33:39,504
2026/04/19,06:25:25,508
2026/04/20,06:25:58,505
2026/04/21,06:38:07,508
2026/04/23,06:42:55,507
2026/04/24,06:38:07,508
2026/04/25,06:39:18,507
2026/04/27,06:29:00,505
2026/04/28,06:45:38,506
2026/04/29,06:50:54,507
2026/05/01,06:46:31,506
2026/05/02,06:43:17,509
2026/05/03,06:31:31,512
2026/05/04,06:33:22,513
2026/05/05,06:52:43,516
2026/05/06,06:51:53,522
2026/05/07,06:53:21,526
2026/05/08,06:46:01,529
2026/05/09,06:48:40,532
2026/05/10,06:34:12,535
2026/05/12,06:59:23,539
2026/05/13,07:02:49,542
2026/05/14,07:05:46,544
2026/05/15,07:00:38,546
